MessageName	Identifier	Length	SignalName	SignalLength	EffectiveSignalStartBit	ByteOrder	Factor	Offset	InvalidValue	MinimumValue	MaximumValue	Correction	GenMsgCycleTime	TransferType	ValueTableDetails
ADAS_SWA_REQ	174	6	LDWActvReq	2	0	Motorola	1	0	0	0	3	0	20	S	NA
ADAS_SWA_REQ	174	6	LDWVld	2	2	Motorola	1	0	0	0	3	0	20	S	NA
ADAS_Function_Status	698	4	TSR_Stat	2	0	Intel	1	0	3	0	3	0	20	S	0x0:Disabled;0x1:Enabled;0x2:Error;0x3:Invalid
ADAS_Function_Status	698	4	HWA_Stat	4	2	Intel	1	0	21	0	15	0	20	S	0x0:Initializing;0x1:Standby;0x2:Activating;0x3:Active;0x4:DeActivating;0x5:SafeStateManoeuver;0x6:Error;0x7:Reduced;0x8:TJA;0xF:Invalid
ADAS_Function_Status	698	4	LDW_Stat	2	6	Intel	1	0	3	0	3	0	20	S	0x0:Disabled;0x1:Enabled;0x2:Error;0x3:Invalid
ADAS_Function_Status	698	4	LDW_Snvty_Stat	2	8	Intel	1	0	3	0	3	0	20	S	0x0:Early;0x1:Medium;0x2:Late;0x3:Invalid
ADAS_Function_Status	698	4	LCDAS_Stat	2	10	Intel	1	0	3	0	3	0	20	S	0x0:Disabled;0x1:Enabled;0x2:Error;0x3:Invalid
ADAS_Function_Status	698	4	FCW_AEB_Stat	2	12	Intel	1	0	3	0	3	0	20	S	0x0:Disabled;0x1:Enabled;0x2:Error;0x3:Invalid
ADAS_Function_Status	698	4	AEB_Actv	2	14	Intel	1	0	3	0	3	0	20	S	0x0:NotActive;0x1:ActiveBraking;0x2:Error;0x3:Invalid
ADAS_Function_Status	698	4	AEB_ActvSet_Stat	2	16	Intel	1	0	3	0	3	0	20	S	0x0:Initializing;0x1:FullBraking;0x2:ReducedBraking;0x3:Invalid
ADAS_Function_Status	698	4	FCW_AEB_Snvty_Stat	2	18	Intel	1	0	3	0	3	0	20	S	0x0:Initializing;0x1:FullBraking;0x2:ReducedBraking;0x3:Invalid
ADAS_Function_Status	698	4	FCW_Actv	2	20	Intel	1	0	3	0	3	0	20	S	0x0:Initializing;0x1:FullBraking;0x2:ReducedBraking;0x3:Invalid
ADAS_Function_Status	698	4	ISA_Stat	2	22	Intel	1	0	3	0	3	0	20	S	0x0:Disabled;0x1:Enabled;0x2:Error;0x3:Invalid
ADAS_Function_Status	698	4	ISA_Warning_Stat	2	24	Intel	1	0	3	0	3	0	20	S	0x0:ISAnoWarning;0x1:ISAWarning;0x2:Error;0x3:Invalid
ADAS_Function_Status	698	4	DAM_Stat	2	26	Intel	1	0	3	0	3	0	20	S	0x0:ISAnoWarning;0x1:ISAWarning;0x2:Error;0x3:Invalid
ADAS_EXO_1	689	8	lane	3	0	Intel	1	0	7	0	7	0	20	S	0x0:Lane1;0x1:Lane2;0x2:Lane3;0x3:Lane4;0x4:Lane5;0x5:Lane6;0x6:reserved;0x7:Invalid
ADAS_EXO_1	689	8	size	3	3	Intel	1	0	7	0	7	0	20	S	0x0:SizeS;0x1:SizeM;0x2:SizeL;0x3:Truck;0x4:TwoWheeler;0x5:NoVehicleDetected;0x6:reserved;0x7:Invalid
ADAS_EXO_1	689	8	blink	2	6	Intel	1	0	3	0	3	0	20	S	0x0:NoBlinking;0x1:BlinkLeft;0x2:BlinkRight;0x3:Invalid
ADAS_EXO_1	689	8	brake	2	8	Intel	1	0	3	0	3	0	20	S	0x0:NoBraking;0x1:Brake;0x2:Reserved;0x3:Invalid
ADAS_EXO_1	689	8	lane_change	2	10	Intel	1	0	3	0	3	0	20	S	0x0:NoTurn;0x1:TurnLeft;0x2:TurnRight;0x3:Invalid
ADAS_EXO_1	689	8	lane_position_y	16	32	Intel	10	-50	1023	-50	50	0	20	S	0x3FF:Invalid
ADAS_EXO_1	689	8	lane_position	16	16	Intel	10	-150	4095	-150	300	0	20	S	0xFFF:Invalid
ADAS_EXO_2	690	8	lane	3	0	Intel	1	0	7	0	7	0	20	S	0x0:Lane1;0x1:Lane2;0x2:Lane3;0x3:Lane4;0x4:Lane5;0x5:Lane6;0x6:reserved;0x7:Invalid
ADAS_EXO_2	690	8	size	3	3	Intel	1	0	7	0	7	0	20	S	0x0:SizeS;0x1:SizeM;0x2:SizeL;0x3:Truck;0x4:TwoWheeler;0x5:NoVehicleDetected;0x6:reserved;0x7:Invalid
ADAS_EXO_2	690	8	blink	2	6	Intel	1	0	3	0	3	0	20	S	0x0:NoBlinking;0x1:BlinkLeft;0x2:BlinkRight;0x3:Invalid
ADAS_EXO_2	690	8	brake	2	8	Intel	1	0	3	0	3	0	20	S	0x0:NoBraking;0x1:Brake;0x2:Reserved;0x3:Invalid
ADAS_EXO_2	690	8	lane_change	2	10	Intel	1 	0	3	0	3	0	20	S	0x0:NoTurn;0x1:TurnLeft;0x2:TurnRight;0x3:Invalid
ADAS_EXO_2	690	8	lane_position_y	16	32	Intel	10	-50	1023	-50	50	0	20	S	0x3FF:Invalid
ADAS_EXO_2	690	8	lane_position	16	16	Intel	10	-150	4095	-150	300	0	20	S	0xFFF:Invalid
ADAS_EXO_3	691	8	lane	3	0	Intel	1	0	7	0	7	0	20	S	0x0:Lane1;0x1:Lane2;0x2:Lane3;0x3:Lane4;0x4:Lane5;0x5:Lane6;0x6:reserved;0x7:Invalid
ADAS_EXO_3	691	8	size	3	3	Intel	1	0	7	0	7	0	20	S	0x0:SizeS;0x1:SizeM;0x2:SizeL;0x3:Truck;0x4:TwoWheeler;0x5:NoVehicleDetected;0x6:reserved;0x7:Invalid
ADAS_EXO_3	691	8	blink	2	6	Intel	1	0	3	0	3	0	20	S	0x0:NoBlinking;0x1:BlinkLeft;0x2:BlinkRight;0x3:Invalid
ADAS_EXO_3	691	8	brake	2	8	Intel	1	0	3	0	3	0	20	S	0x0:NoBraking;0x1:Brake;0x2:Reserved;0x3:Invalid
ADAS_EXO_3	691	8	lane_change	2	10	Intel	1	0	3	0	3	0	20	S	0x0:NoTurn;0x1:TurnLeft;0x2:TurnRight;0x3:Invalid
ADAS_EXO_3	691	8	lane_position_y	16	32	Intel	10	-50	1023	-50	50	0	20	S	0x3FF:Invalid
ADAS_EXO_3	691	8	lane_position	16	16	Intel	10	-150	4095	-150	300	0	20	S	0xFFF:Invalid
ADAS_EXO_4	692	8	lane	3	0	Intel	1	0	7	0	7	0	20	S	0x0:Lane1;0x1:Lane2;0x2:Lane3;0x3:Lane4;0x4:Lane5;0x5:Lane6;0x6:reserved;0x7:Invalid
ADAS_EXO_4	692	8	size	3	3	Intel	1	0	7	0	7	0	20	S	0x0:SizeS;0x1:SizeM;0x2:SizeL;0x3:Truck;0x4:TwoWheeler;0x5:NoVehicleDetected;0x6:reserved;0x7:Invalid
ADAS_EXO_4	692	8	blink	2	6	Intel	1	0	3	0	3	0	20	S	0x0:NoBlinking;0x1:BlinkLeft;0x2:BlinkRight;0x3:Invalid
ADAS_EXO_4	692	8	brake	2	8	Intel	1	0	3	0	3	0	20	S	0x0:NoBraking;0x1:Brake;0x2:Reserved;0x3:Invalid
ADAS_EXO_4	692	8	lane_change	2	10	Intel	1	0	3	0	3	0	20	S	0x0:NoTurn;0x1:TurnLeft;0x2:TurnRight;0x3:Invalid
ADAS_EXO_4	692	8	lane_position_y	16	32	Intel	10	-50	1023	-50	50	0	20	S	0x3FF:Invalid
ADAS_EXO_4	692	8	lane_position	16	16	Intel	10	-150	4095	-150	300	0	20	S	0xFFF:Invalid
ADAS_EXO_5	693	8	lane	3	0	Intel	1	0	7	0	7	0	20	S	0x0:Lane1;0x1:Lane2;0x2:Lane3;0x3:Lane4;0x4:Lane5;0x5:Lane6;0x6:reserved;0x7:Invalid
ADAS_EXO_5	693	8	size	3	3	Intel	1	0	7	0	7	0	20	S	0x0:SizeS;0x1:SizeM;0x2:SizeL;0x3:Truck;0x4:TwoWheeler;0x5:NoVehicleDetected;0x6:reserved;0x7:Invalid
ADAS_EXO_5	693	8	blink	2	6	Intel	1	0	3	0	3	0	20	S	0x0:NoBlinking;0x1:BlinkLeft;0x2:BlinkRight;0x3:Invalid
ADAS_EXO_5	693	8	brake	2	8	Intel	1	0	3	0	3	0	20	S	0x0:NoBraking;0x1:Brake;0x2:Reserved;0x3:Invalid
ADAS_EXO_5	693	8	lane_change	2	10	Intel	1	0	3	0	3	0	20	S	0x0:NoTurn;0x1:TurnLeft;0x2:TurnRight;0x3:Invalid
ADAS_EXO_5	693	8	lane_position_y	16	32	Intel	10	-50	1023	-50	50	0	20	S	0x3FF:Invalid
ADAS_EXO_5	693	8	lane_position	16	16	Intel	10	-150	4095	-150	300	0	20	S	0xFFF:Invalid
ADAS_EXO_6	694	8	lane	3	0	Intel	1	0	7	0	7	0	20	S	0x0:Lane1;0x1:Lane2;0x2:Lane3;0x3:Lane4;0x4:Lane5;0x5:Lane6;0x6:reserved;0x7:Invalid
ADAS_EXO_6	694	8	size	3	3	Intel	1	0	7	0	7	0	20	S	0x0:SizeS;0x1:SizeM;0x2:SizeL;0x3:Truck;0x4:TwoWheeler;0x5:NoVehicleDetected;0x6:reserved;0x7:Invalid
ADAS_EXO_6	694	8	blink	2	6	Intel	1	0	3	0	3	0	20	S	0x0:NoBlinking;0x1:BlinkLeft;0x2:BlinkRight;0x3:Invalid
ADAS_EXO_6	694	8	brake	2	8	Intel	1	0	3	0	3	0	20	S	0x0:NoBraking;0x1:Brake;0x2:Reserved;0x3:Invalid
ADAS_EXO_6	694	8	lane_change	2	10	Intel	1	0	3	0	3	0	20	S	0x0:NoTurn;0x1:TurnLeft;0x2:TurnRight;0x3:Invalid
ADAS_EXO_6	694	8	lane_position_y	16	32	Intel	10	-50	1023	-50	50	0	20	S	0x3FF:Invalid
ADAS_EXO_6	694	8	lane_position	16	16	Intel	10	-150	4095	-150	300	0	20	S	0xFFF:Invalid
ADAS_EXO_7	699	8	lane	3	0	Intel	1	0	7	0	7	0	20	S	0x0:Lane1;0x1:Lane2;0x2:Lane3;0x3:Lane4;0x4:Lane5;0x5:Lane6;0x6:reserved;0x7:Invalid
ADAS_EXO_7	699	8	size	3	3	Intel	1	0	7	0	7	0	20	S	0x0:SizeS;0x1:SizeM;0x2:SizeL;0x3:Truck;0x4:TwoWheeler;0x5:NoVehicleDetected;0x6:reserved;0x7:Invalid
ADAS_EXO_7	699	8	blink	2	6	Intel	1	0	3	0	3	0	20	S	0x0:NoBlinking;0x1:BlinkLeft;0x2:BlinkRight;0x3:Invalid
ADAS_EXO_7	699	8	brake	2	8	Intel	1	0	3	0	3	0	20	S	0x0:NoBraking;0x1:Brake;0x2:Reserved;0x3:Invalid
ADAS_EXO_7	699	8	lane_change	2	10	Intel	1	0	3	0	3	0	20	S	0x0:NoTurn;0x1:TurnLeft;0x2:TurnRight;0x3:Invalid
ADAS_EXO_7	699	8	lane_position_y	16	32	Intel	10	-50	1023	-50	50	0	20	S	0x3FF:Invalid
ADAS_EXO_7	699	8	lane_position	16	16	Intel	10	-150	4095	-150	300	0	20	S	0xFFF:Invalid
ADAS_EXO_8	700	8	lane	3	0	Intel	1	0	7	0	7	0	20	S	0x0:Lane1;0x1:Lane2;0x2:Lane3;0x3:Lane4;0x4:Lane5;0x5:Lane6;0x6:reserved;0x7:Invalid
ADAS_EXO_8	700	8	size	3	3	Intel	1	0	7	0	7	0	20	S	0x0:SizeS;0x1:SizeM;0x2:SizeL;0x3:Truck;0x4:TwoWheeler;0x5:NoVehicleDetected;0x6:reserved;0x7:Invalid
ADAS_EXO_8	700	8	blink	2	6	Intel	1	0	3	0	3	0	20	S	0x0:NoBlinking;0x1:BlinkLeft;0x2:BlinkRight;0x3:Invalid
ADAS_EXO_8	700	8	brake	2	8	Intel	1	0	3	0	3	0	20	S	0x0:NoBraking;0x1:Brake;0x2:Reserved;0x3:Invalid
ADAS_EXO_8	700	8	lane_change	2	10	Intel	1	0	3	0	3	0	20	S	0x0:NoTurn;0x1:TurnLeft;0x2:TurnRight;0x3:Invalid
ADAS_EXO_8	700	8	lane_position_y	16	32	Intel	10	-50	1023	-50	50	0	20	S	0x3FF:Invalid
ADAS_EXO_8	700	8	lane_position	16	16	Intel	10	-150	4095	-150	300	0	20	S	0xFFF:Invalid
ADAS_EXO_9	701	8	lane	3	0	Intel	1	0	7	0	7	0	20	S	0x0:Lane1;0x1:Lane2;0x2:Lane3;0x3:Lane4;0x4:Lane5;0x5:Lane6;0x6:reserved;0x7:Invalid
ADAS_EXO_9	701	8	size	3	3	Intel	1	0	7	0	7	0	20	S	0x0:SizeS;0x1:SizeM;0x2:SizeL;0x3:Truck;0x4:TwoWheeler;0x5:NoVehicleDetected;0x6:reserved;0x7:Invalid
ADAS_EXO_9	701	8	blink	2	6	Intel	1	0	3	0	3	0	20	S	0x0:NoBlinking;0x1:BlinkLeft;0x2:BlinkRight;0x3:Invalid
ADAS_EXO_9	701	8	brake	2	8	Intel	1	0	3	0	3	0	20	S	0x0:NoBraking;0x1:Brake;0x2:Reserved;0x3:Invalid
ADAS_EXO_9	701	8	lane_change	2	10	Intel	1	0	3	0	3	0	20	S	0x0:NoTurn;0x1:TurnLeft;0x2:TurnRight;0x3:Invalid
ADAS_EXO_9	701	8	lane_position_y	16	32	Intel	10	-50	1023	-50	50	0	20	S	0x3FF:Invalid
ADAS_EXO_9	701	8	lane_position	16	16	Intel	10	-150	4095	-150	300	0	20	S	0xFFF:Invalid
ADAS_EXO_10	702	8	lane	3	0	Intel	1	0	7	0	7	0	20	S	0x0:Lane1;0x1:Lane2;0x2:Lane3;0x3:Lane4;0x4:Lane5;0x5:Lane6;0x6:reserved;0x7:Invalid
ADAS_EXO_10	702	8	size	3	3	Intel	1	0	7	0	7	0	20	S	0x0:SizeS;0x1:SizeM;0x2:SizeL;0x3:Truck;0x4:TwoWheeler;0x5:NoVehicleDetected;0x6:reserved;0x7:Invalid
ADAS_EXO_10	702	8	blink	2	6	Intel	1	0	3	0	3	0	20	S	0x0:NoBlinking;0x1:BlinkLeft;0x2:BlinkRight;0x3:Invalid
ADAS_EXO_10	702	8	brake	2	8	Intel	1	0	3	0	3	0	20	S	0x0:NoBraking;0x1:Brake;0x2:Reserved;0x3:Invalid
ADAS_EXO_10	702	8	lane_change	2	10	Intel	1	0	3	0	3	0	20	S	0x0:NoTurn;0x1:TurnLeft;0x2:TurnRight;0x3:Invalid
ADAS_EXO_10	702	8	lane_position_y	16	32	Intel	10	-50	1023	-50	50	0	20	S	0x3FF:Invalid
ADAS_EXO_10	702	8	lane_position	16	16	Intel	10	-150	4095	-150	300	0	20	S	0xFFF:Invalid
ADAS_EXO_11	703	8	lane	3	0	Intel	1	0	7	0	7	0	20	S	0x0:Lane1;0x1:Lane2;0x2:Lane3;0x3:Lane4;0x4:Lane5;0x5:Lane6;0x6:reserved;0x7:Invalid
ADAS_EXO_11	703	8	size	3	3	Intel	1	0	7	0	7	0	20	S	0x0:SizeS;0x1:SizeM;0x2:SizeL;0x3:Truck;0x4:TwoWheeler;0x5:NoVehicleDetected;0x6:reserved;0x7:Invalid
ADAS_EXO_11	703	8	blink	2	6	Intel	1	0	3	0	3	0	20	S	0x0:NoBlinking;0x1:BlinkLeft;0x2:BlinkRight;0x3:Invalid
ADAS_EXO_11	703	8	brake	2	8	Intel	1	0	3	0	3	0	20	S	0x0:NoBraking;0x1:Brake;0x2:Reserved;0x3:Invalid
ADAS_EXO_11	703	8	lane_change	2	10	Intel	1	0	3	0	3	0	20	S	0x0:NoTurn;0x1:TurnLeft;0x2:TurnRight;0x3:Invalid
ADAS_EXO_11	703	8	lane_position_y	16	32	Intel	10	-50	1023	-50	50	0	20	S	0x3FF:Invalid
ADAS_EXO_11	703	8	lane_position	16	16	Intel	10	-150	4095	-150	300	0	20	S	0xFFF:Invalid
ADAS_EXO_12	704	8	lane	3	0	Intel	1	0	7	0	7	0	20	S	0x0:Lane1;0x1:Lane2;0x2:Lane3;0x3:Lane4;0x4:Lane5;0x5:Lane6;0x6:reserved;0x7:Invalid
ADAS_EXO_12	704	8	size	3	3	Intel	1	0	7	0	7	0	20	S	0x0:SizeS;0x1:SizeM;0x2:SizeL;0x3:Truck;0x4:TwoWheeler;0x5:NoVehicleDetected;0x6:reserved;0x7:Invalid
ADAS_EXO_12	704	8	blink	2	6	Intel	1	0	3	0	3	0	20	S	0x0:NoBlinking;0x1:BlinkLeft;0x2:BlinkRight;0x3:Invalid
ADAS_EXO_12	704	8	brake	2	8	Intel	1	0	3	0	3	0	20	S	0x0:NoBraking;0x1:Brake;0x2:Reserved;0x3:Invalid
ADAS_EXO_12	704	8	lane_change	2	10	Intel	1	0	3	0	3	0	20	S	0x0:NoTurn;0x1:TurnLeft;0x2:TurnRight;0x3:Invalid
ADAS_EXO_12	704	8	lane_position_y	16	32	Intel	10	-50	1023	-50	50	0	20	S	0x3FF:Invalid
ADAS_EXO_12	704	8	lane_position	16	16	Intel	10	-150	4095	-150	300	0	20	S	0xFFF:Invalid
ADAS_LCDAS_Obj_Inf_1	1106	8	Obj_Location_x_left	12	0	Intel	10	-250	4095	-250	50	0	20	S	0xFFF:Invalid
ADAS_LCDAS_Obj_Inf_1	1106	8	Obj_Location_x_right	12	12	Intel	10	-250	4095	-250	50	0	20	S	0xFFF:Invalid
ADAS_LCDAS_Obj_Inf_1	1106	8	Obj_Location_y_left	10	24	Intel	10	-50	1023	-50	0	0	20	S	0x3FF:Invalid
ADAS_LCDAS_Obj_Inf_1	1106	8	Obj_Location_y_right	10	40	Intel	10	0	1023	0	50	0	20	S	0x3FF:Invalid
ADAS_LCDAS_Obj_Inf_1	1106	8	Obj_Location_size_left	3	56	Intel	1	0	7	0	7	0	20	S	0x0:SizeS;0x1:SizeM;0x2:SizeL;0x3:Truck;0x4:TwoWheeler;0x5:NoVehicleDetected;0x6:reserved;0x7:Invalid
ADAS_LCDAS_Obj_Inf_1	1106	8	Obj_Location_size_right	3	59	Intel	1	0	7	0	7	0	20	S	0x0:SizeS;0x1:SizeM;0x2:SizeL;0x3:Truck;0x4:TwoWheeler;0x5:NoVehicleDetected;0x6:reserved;0x7:Invalid
ADAS_LCDAS_Obj_Inf_2	1107	8	Obj_rel_speed_left	16	0	Intel	100	0	4095	0	300	0	20	S	0xFFF:Invalid
ADAS_LCDAS_Obj_Inf_2	1107	8	fifth_Critical_car	4	48	Intel	1	0	15	0	15	0	20	S	0x0:NoCriticalCar;0x1:Exo_1;0x2:Exo_2;0x3:Exo_3;0x4:Exo_4;0x5:Exo_5;0x6:Exo_6;0x7:Exo_7;0x8:Exo_8;0x9:Exo_9;0xA:Exo_10;0xB:Exo_11;0xC:Exo_12;0xD:Reserved;0xE:Reserved;0xF:Invalid
ADAS_LCDAS_Obj_Inf_2	1107	8	fourth_Critical_car	4	44	Intel	1	0	15	0	15	0	20	S	0x0:NoCriticalCar;0x1:Exo_1;0x2:Exo_2;0x3:Exo_3;0x4:Exo_4;0x5:Exo_5;0x6:Exo_6;0x7:Exo_7;0x8:Exo_8;0x9:Exo_9;0xA:Exo_10;0xB:Exo_11;0xC:Exo_12;0xD:Reserved;0xE:Reserved;0xF:Invalid
ADAS_LCDAS_Obj_Inf_2	1107	8	third_Critical_car	4	40	Intel	1	0	15	0	15	0	20	S	0x0:NoCriticalCar;0x1:Exo_1;0x2:Exo_2;0x3:Exo_3;0x4:Exo_4;0x5:Exo_5;0x6:Exo_6;0x7:Exo_7;0x8:Exo_8;0x9:Exo_9;0xA:Exo_10;0xB:Exo_11;0xC:Exo_12;0xD:Reserved;0xE:Reserved;0xF:Invalid
ADAS_LCDAS_Obj_Inf_2	1107	8	second_Critical_car	4	36	Intel	1	0	15	0	15	0	20	S	0x0:NoCriticalCar;0x1:Exo_1;0x2:Exo_2;0x3:Exo_3;0x4:Exo_4;0x5:Exo_5;0x6:Exo_6;0x7:Exo_7;0x8:Exo_8;0x9:Exo_9;0xA:Exo_10;0xB:Exo_11;0xC:Exo_12;0xD:Reserved;0xE:Reserved;0xF:Invalid
ADAS_LCDAS_Obj_Inf_2	1107	8	most_Critical_car	4	32	Intel	1	0	15	0	15	0	20	S	0x0:NoCriticalCar;0x1:Exo_1;0x2:Exo_2;0x3:Exo_3;0x4:Exo_4;0x5:Exo_5;0x6:Exo_6;0x7:Exo_7;0x8:Exo_8;0x9:Exo_9;0xA:Exo_10;0xB:Exo_11;0xC:Exo_12;0xD:Reserved;0xE:Reserved;0xF:Invalid
ADAS_LCDAS_Obj_Inf_2	1107	8	Obj_rel_speed_right	16	16	Intel	100	0	4095	0	300	0	20	S	0xFFF:Invalid
ADAS_LCDAS_Warning	1108	1	LCDAS_Warning_left	3	0	Intel	1	0	7	0	7	0	50	S	0x0:NoWarning;0x1:WarningLvl1;0x2:WarningLvl2;0x3:reserved;0x4:reserved;0x5:reserved;0x6:reserved;0x7:Invalid
ADAS_LCDAS_Warning	1108	1	LCDAS_Warning_right	3	3	Intel	1	0	7	0	7	0	50	S	0x0:NoWarning;0x1:WarningLvl1;0x2:WarningLvl2;0x3:reserved;0x4:reserved;0x5:reserved;0x6:reserved;0x7:Invalid
ADAS_LCS_1	686	2	Lane_Amount	3	0	Intel	1	0	7	0	7	0	50	S	0x0:1straight;0x1:2straight;0x2:3straight;0x3:4straight;0x4:5straight;0x5:6NoLaneDetected;0x6:reserved;0x7:Invalid
ADAS_LCS_1	686	2	Lane_Marking_Left	3	11	Intel	1	0	7	0	7	0	50	S	0x0:Initializing;0x1:Solid;0x2:Dashed;0x3:Unknown;0x4:Reserved4;0x5:Reserved5;0x6:Reserved6;0x7:Invalid
ADAS_LCS_1	686	2	Lane_Marking_Right	3	8	Intel	1	0	7	0	7	0	50	S	0x0:Initializing;0x1:Solid;0x2:Dashed;0x3:Unknown;0x4:Reserved4;0x5:Reserved5;0x6:Reserved6;0x7:Invalid
ADAS_LCS_1	686	2	EGO_Lane	3	3	Intel	1	0	7	0	7	0	50	S	0x0:First;0x1:Second;0x2:Third;0x3:Fourth;0x4:Fifth;0x5:Sixt;0x6:NoLaneDetected;0x7:Invalid
EGO_Lane_Change	695	2	Lane_Change_Possible	2	0	Intel	1	0	7	0	3	0	50	S	0x0:NoLaneChangePossible;0x1:LaneChangePossibleto1Left;0x2:LaneChangePossibleto1Right;0x3:Invalid
EGO_Lane_Change	695	2	Lane_Change	8	7	Intel	1	0	0	0	100	0	50	S	0x7F:Invalid
EGO_Lane_Change	695	2	Lane_Change_Action	2	5	Intel	1	0	7	0	3	0	50	S	0x0:NoLaneChangeActiv;0x1:LaneChangetoLeftActiv;0x2:LaneChangetoRightActiv;0x3:Invalid
ISA_TSR_INFO	545	4	Speed_Limit	8	0	Intel	1	0	255	0	200	0	50	S	0xFF:Invalid
ISA_TSR_INFO	545	4	Traffic_sign	8	8	Intel	1	0	7	0	7	0	50	S	0x0:SIGNAL_IS_INITIALIZING;0x1:TRAFFIC_SIGN_UNKNOWN;0x2:TRAFFIC_SIGN_ROUNDABOUT;0x3:TRAFFIC_SIGN_NOENTRY;0x4:TRAFFIC_SIGN_STOP;0x5:TRAFFIC_SIGN_GIVEWAY;0x6:TRAFFIC_SIGN_DANGER;0x7:INVALID
ISA_TSR_INFO	545	4	Speed_sign	8	16	Intel	1	0	15	0	15	0	50	S	0x0:SIGNAL_IS_INITIALIZING;0x1:SPEED_LIMIT_UNKNOWN;0x2:SPEED_LIMIT_30_KMPH;0x3:SPEED_LIMIT_40_KMPH;0x4:SPEED_LIMIT_50_KMPH;0x5:SPEED_LIMIT_60_KMPH;0x6:SPEED_LIMIT_70_KMPH;0x7:SPEED_LIMIT_80_KMPH;0x8:SPEED_LIMIT_90_KMPH;0x9:SPEED_LIMIT_100_KMPH;0xA:SPEED_LIMIT_110_KMPH;0xB:SPEED_LIMIT_120_KMPH;0xC:SPEED_LIMIT_130_KMPH;0xD:SPEED_LIMIT_END;0xE:RESERVED;0xF:INVALID
ADAS_Tar_Dst_Spd	696	3	ADAS_Tar_Distance	3	0	Intel	1	0	7	0	7	0	100	S	0x0:nosetting;0x1:short;0x2:mid;0x3:long;0x4:Reserved4;0x5:Reserved5;0x6:Reserved6;0x7:Invalid
ADAS_Tar_Dst_Spd	696	3	ADAS_Tar_SPEED	16	3	Intel	100	0	4095	0	300	0	100	S	0xFFF:Invalid
ADAS_GPS_Signal	186	8	GPS_Latitude	32	0	Motorola	1	0	0	0	0	0	200	S	NA
ADAS_GPS_Signal	186	8	GPS_Longitude	32	32	Motorola	1	0	0	0	0	0	200	S	NA
ADAS_GPS_altitude	187	8	GPS_Altitude	16	16	Motorola	10	-1000	65535	-1000	5553	50000000	1000	S	NA
