signalGroupName	canID	source	destination
ADAS_SWA_REQ	174	VIM	HMI
ADAS_ACCEL_REQ	177	VIM	HMI
ADAS_EXTLTG_REQ	522	VIM	HMI
ADAS_DC_T	1035	VIM	HMI
ADAS_LCDAS_Warning	1108	HMI	VIM
ADAS_SWA_LDW	174	HMI	VIM
ADAS_TRSMEPB_REQ	182	VIM	ADAS_CAN
BDC_MOD_WAKEUP	741	HMI	ADAS_CAN
ESC_FCT_STS	155	HMI	ADAS_CAN
ESC_IMU_01	130	HMI	ADAS_CAN
ESC_IMU_01_OFFSET	133	HMI	ADAS_CAN
ESC_IMU_02	131	HMI	ADAS_CAN
ESC_IMU_02_OFFSET	134	VIM	ADAS_CAN
ESC_VEH_SPD	157	HMI	ADAS_CAN
ESC_WHL_PLS	151	VIM	ADAS_CAN
ESC_WHL_SPD_FRNT	148	VIM	ADAS_CAN
ESC_WHL_SPD_RE	149	VIM	ADAS_CAN
HMI_DATE_AND_TI	990	VIM	ADAS_CAN
HMI_ODO	1092	VIM	ADAS_CAN
SAS_STANDARD	688	VIM	ADAS_CAN
VCU_CLIMATE	1027	HMI	ADAS_CAN
VCU_Status	145	HMI	ADAS_CAN
EGO_Lane_Change	695	HMI	HMINP
ADAS_EXTLTG_REQ	522	VIM	HMINP
ADAS_Tar_DstSpd	696	HMI	HMINP
GPS_Signal	186	HMI	HMINP
GPS_Altitude	187	HMI	HMINP
ADAS_SWA_REQ    174     VIM     HMINP
ADAS_ACCEL_REQ  177     VIM     HMINP
ISA_TSR_Info	545	HMI	HMINP
ADAS_Function_Status	698	HMI	HMINP
EPS_HAD_01	170	HMI	HMINP
VCU_PWTInfo2	190	HMI	HMINP
VCU_PWTInfo3	191	HMI	HMINP
ESC_AEB_STS	161	HMI	HMINP
ESC_VEH_SPD	157	HMI	HMINP
EPS_HAD_02	171	HMI	HMINP
ESC_IMU_01	130	HMI	HMINP
ESC_IMU_02	131	HMI	HMINP
BDC_SPOILER_STS	742	HMI	HMINP
ESC_BRK_INFO	154	HMI	HMINP
BDC_OTHER	537	HMI	HMINP
ESC_AEB_STS	161	HMI	HMINP
VCU_Status	145	HMI	HMINP
ESC_FCT_STS	155	HMI	HMINP
ADAS_Exo_1	689	HMI	HMINP
ADAS_Exo_2	690	HMI	HMINP
ADAS_Exo_3	691	HMI	HMINP
ADAS_Exo_4	692	HMI	HMINP
ADAS_Exo_5	693	HMI	HMINP
ADAS_Exo_6	694	HMI	HMINP
ADAS_Exo_7	699	HMI	HMINP
ADAS_Exo_8	700	HMI	HMINP
ADAS_Exo_9	701	HMI	HMINP
ADAS_Exo_10	702	HMI	HMINP
ADAS_Exo_11	703	HMI	HMINP
ADAS_Exo_12	704	HMI	HMINP
ADAS_LCS_1	686	HMI	HMINP
