{
    "Sensors": [
        {
            "Library": "aimimusensor",
            "Label": "IMU",
            "HighPriority": false
        },
        {
            "Library": "aimfusionsensor",
            "Label": "Fusion",
            "HighPriority": false,
            "Dependencies": [
                "F_MIDLONGRANGECAM_CL",
                "B_MIDRANGECAM_C",
                "M_FISHEYE_L",
                "M_FISHEYE_R"
            ],
            "RangeInMeter": 30000.0,
            "SegmentationNames": [
                "Car",
                "Truck",
                "Bus",
                "Van",
                "Motorcycle",
                "Bicycle",
                "Pedestrian",
                "DynamicObstacle"
            ],
            "MaxDistanceXYZToQueryInMeter": [
                150.0,
                50.0,
                3.0
            ]
        },
        {
            "Library": "aimgttransformsensor",
            "Label": "GTTransform",
            "HighPriority": false
        },
        {
            "Library": "aimfusionlanesensor",
            "Label": "FusionLane",
            "HighPriority": false,
            "Dependencies": [
                "F_MIDLONGRANGECAM_CL",
                "B_MIDRANGECAM_C",
                "M_FISHEYE_L",
                "M_FISHEYE_R"
            ],
            "DistanceAlongLaneInMeter": 150.0
        },
        {
            "Library": "aimvehicleinfosensor",
            "Label": "VehicleInfoSensor",
            "HighPriority": false
        },
        {
            "Library": "aimvehiclestatesensor",
            "Label": "VehicleStateSensor",
            "HighPriority": false
        },
        {
            "Library": "aimkeypresssensor",
            "Label": "KeypressSensor",
            "HighPriority": false
        },
        {
            "Library": "aimegomotionsensor",
            "Label": "EgoMotion",
            "HighPriority": false
        },
        {
            "Library": "aimparkingslotsensor",
            "Label": "ParkingSlotSensor",
            "HighPriority": false,
            "RectangleHalfExtent": [
                30.0,
                30.0,
                1.0
            ]
        },
        {
            "Library": "aimoccupancygridsensor",
            "Label": "OccupancyGridSensor",
            "HighPriority": false,
            "ForwardDistanceInMeter": 10.0,
            "BackwardDistanceInMeter": 10.0,
            "RightDistanceInMeter": 10.0,
            "LeftDistanceInMeter": 10.0,
            "CellSizeInMeter": 0.1
        },
        {
            "Library": "aimroadmodelsensor",
            "Label": "Roadmodel",
            "HighPriority": false,
            "DistanceInXyzInMeter": [
                150.0,
                50.0,
                3.0
            ]
        },
        {
            "Library": "aimms2nstaticsensor",
            "Label": "MS2NStatic",
            "DistanceAlongLaneInMeter": 300.0
        },
        {
            "Library": "aimms2ndynamicsensor",
            "Label": "MS2NDynamic",
            "DistanceInMeter": 300.0
        },
        {
            "Library": "aimscenariostatesensor",
            "Label": "ScenarioState"
        },
        {
            "Library": "aimgpssensor",
            "Label": "novatel",
            "HighPriority": false
        },
        {
            "Library": "aimgpssensor",
            "Label": "ublox_gps",
            "HighPriority": false
        },
        {
            "Library": "aimhighlevelradarsensor",
            "Label": "F_LRR_C",
            "HighPriority": false,
            "PosMeter": [
                3.8125999,
                -0.00240000011,
                0.36559999
            ],
            "YawPitchRollDeg": [
                0.7,
                -0.85,
                -0.124595605
            ],
            "TargetList": true,
            "HorizontalResolutionDeg": 0.8,
            "VerticalResolutionDeg": 0.8,
            "PowerThresholdDb": 0.05,
            "AngularNoiseEv": 0.0,
            "AngularNoiseStDev": 0.6,
            "PositionNoiseEvXyz": [
                0.0,
                0.0,
                0.0
            ],
            "PositionNoiseStDevXyz": [
                0.05,
                0.05,
                0.0
            ],
            "PositionNoiseSeedXyz": [
                102.0,
                12.0,
                684.0
            ]
        },
        {
            "Library": "aimhighlevelradarsensor",
            "Label": "B_LRR_C",
            "HighPriority": false,
            "PosMeter": [
                -1.11570001,
                0.00150000001,
                0.550300002
            ],
            "YawPitchRollDeg": [
                180.4,
                -1.9,
                -0.0422945991
            ],
            "TargetList": true,
            "HorizontalResolutionDeg": 0.8,
            "VerticalResolutionDeg": 0.8,
            "PowerThresholdDb": 0.05,
            "AngularNoiseEv": 0.0,
            "AngularNoiseStDev": 0.6,
            "PositionNoiseEvXyz": [
                0.0,
                0.0,
                0.0
            ],
            "PositionNoiseStDevXyz": [
                0.05,
                0.05,
                0.0
            ],
            "PositionNoiseSeedXyz": [
                102.0,
                12.0,
                684.0
            ]
        },
        {
            "Library": "aimcamerasensor",
            "Label": "F_MIDLONGRANGECAM_CL",
            "HighPriority": false,
            "SceneCapture": "SceneCaptureF_MIDLONGRANGECAM_CL"
        },
        {
            "Library": "aimboundingboxsensor",
            "Label": "F_MIDLONGRANGECAM_CL_BBox",
            "HighPriority": false,
            "SceneCapture": "SceneCaptureF_MIDLONGRANGECAM_CL",
            "Dependencies": [
                "F_MIDLONGRANGECAM_CL"
            ],
            "SemanticClasses": [
                "Car",
                "Truck",
                "Bus",
                "Van",
                "Motorcycle",
                "Bicycle",
                "Pedestrian",
                "DynamicObstacle"
            ],
            "OcclusionEnabled": false
        },
        {
            "Library": "aimlanesensor",
            "Label": "F_MIDLONGRANGECAM_CL_Lane",
            "HighPriority": false,
            "SceneCapture": "SceneCaptureF_MIDLONGRANGECAM_CL",
            "Dependencies": [
                "F_MIDLONGRANGECAM_CL"
            ],
            "DistanceAlongLaneInMeter": 120.0
        },
        {
            "Library": "aimcamerasensor",
            "Label": "B_MIDRANGECAM_C",
            "HighPriority": false,
            "SceneCapture": "SceneCaptureB_MIDRANGECAM_C"
        },
        {
            "Library": "aimboundingboxsensor",
            "Label": "B_MIDRANGECAM_C_BBox",
            "HighPriority": false,
            "SceneCapture": "SceneCaptureB_MIDRANGECAM_C",
            "Dependencies": [
                "B_MIDRANGECAM_C"
            ],
            "SemanticClasses": [
                "Car",
                "Truck",
                "Bus",
                "Van",
                "Motorcycle",
                "Bicycle",
                "Pedestrian",
                "DynamicObstacle"
            ],
            "OcclusionEnabled": false
        },
        {
            "Library": "aimlanesensor",
            "Label": "B_MIDRANGECAM_C_Lane",
            "HighPriority": false,
            "SceneCapture": "SceneCaptureB_MIDRANGECAM_C",
            "Dependencies": [
                "B_MIDRANGECAM_C"
            ],
            "DistanceAlongLaneInMeter": 120.0
        },
        {
            "Library": "aimcamerasensor",
            "Label": "M_FISHEYE_L",
            "HighPriority": false,
            "SceneCapture": "SceneCaptureM_FISHEYE_L"
        },
        {
            "Library": "aimboundingboxsensor",
            "Label": "M_FISHEYE_L_BBox",
            "HighPriority": false,
            "SceneCapture": "SceneCaptureM_FISHEYE_L",
            "Dependencies": [
                "M_FISHEYE_L"
            ],
            "SemanticClasses": [
                "Car",
                "Truck",
                "Bus",
                "Van",
                "Motorcycle",
                "Bicycle",
                "Pedestrian",
                "DynamicObstacle"
            ],
            "OcclusionEnabled": false
        },
        {
            "Library": "aimlanesensor",
            "Label": "M_FISHEYE_L_Lane",
            "HighPriority": false,
            "SceneCapture": "SceneCaptureM_FISHEYE_L",
            "Dependencies": [
                "M_FISHEYE_L"
            ],
            "DistanceAlongLaneInMeter": 120.0
        },
        {
            "Library": "aimcamerasensor",
            "Label": "M_FISHEYE_R",
            "HighPriority": false,
            "SceneCapture": "SceneCaptureM_FISHEYE_R"
        },
        {
            "Library": "aimboundingboxsensor",
            "Label": "M_FISHEYE_R_BBox",
            "HighPriority": false,
            "SceneCapture": "SceneCaptureM_FISHEYE_R",
            "Dependencies": [
                "M_FISHEYE_R"
            ],
            "SemanticClasses": [
                "Car",
                "Truck",
                "Bus",
                "Van",
                "Motorcycle",
                "Bicycle",
                "Pedestrian",
                "DynamicObstacle"
            ],
            "OcclusionEnabled": false
        },
        {
            "Library": "aimlanesensor",
            "Label": "M_FISHEYE_R_Lane",
            "HighPriority": false,
            "SceneCapture": "SceneCaptureM_FISHEYE_R",
            "Dependencies": [
                "M_FISHEYE_R"
            ],
            "DistanceAlongLaneInMeter": 120.0
        },
        {
            "Library": "aimlidarsensor",
            "Label": "M_LIDAR_M",
            "HighPriority": false,
            "PosMeter": [
                1.1574000120162964,
                0.0013000000035390258,
                1.6822999715805054
            ],
            "YawPitchRollDeg": [
                -179.6300048828125,
                0.035999998450279236,
                0.18000000715255737
            ],
            "LaserCount": 64,
            "DistanceMaxMeter": 200,
            "DistanceAccuracyMeter": 0.02,
            "Rpm": 600,
            "VerticalFovMinDeg": -25.0,
            "VerticalFovMaxDeg": 15.0,
            "HorizontalResolutionDeg": 0.2
        }
    ],
    "SceneCaptures": [
        {
            "Label": "SceneCaptureF_MIDLONGRANGECAM_CL",
            "Position": [
                1.9311000108718872,
                0.10719999670982361,
                1.2488000392913818
            ],
            "YawPitchRollDeg": [
                1.277999997138977,
                0.4909999966621399,
                -0.41600000858306885
            ],
            "Resolution": [
                1280,
                704
            ],
            "Model": "OpenCVPinhole",
            "PrincipalPoint": [
                640,
                352
            ],
            "FocalLength": [
                1170.7994384765625,
                1001.1844482421875
            ],
            "DistortionCoefficients": [
                -0.30073606967926025,
                0.08419033139944077,
                0.002034867648035288,
                0.0006097130244597793,
                0
            ],
            "RenderProperties": {
                "Buffers": [
                    "ColorBayer",
                    "Depth16",
                    "Segmentation"
                ]
            }
        },
        {
            "Label": "SceneCaptureB_MIDRANGECAM_C",
            "Position": [
                0.051899999380111694,
                0.000699999975040555,
                1.3708000183105469
            ],
            "YawPitchRollDeg": [
                179.1640035149251,
                -0.934999963408678,
                0.21899999723632863
            ],
            "Resolution": [
                1920,
                1216
            ],
            "Model": "OpenCVPinhole",
            "PrincipalPoint": [
                960,
                608
            ],
            "FocalLength": [
                967.5257395504426,
                972.7561776366236
            ],
            "DistortionCoefficients": [
                -0.33332954637338263,
                0.10183340652186723,
                -0.0009741518346123839,
                0.0013175230899047884,
                0
            ],
            "RenderProperties": {
                "Buffers": [
                    "ColorBayer",
                    "Depth16",
                    "Segmentation"
                ]
            }
        },
        {
            "Label": "SceneCaptureM_FISHEYE_L",
            "Position": [
                1.0571999549865723,
                0.6378999948501587,
                1.4144999980926514
            ],
            "YawPitchRollDeg": [
                -91.93800037957759,
                -23.491001310533154,
                -0.9599999498748056
            ],
            "Resolution": [
                1280,
                704
            ],
            "Model": "Mei",
            "PrincipalPoint": [
                641.9449779750069,
                344.73654890450604
            ],
            "FocalLength": [
                575.2252458162137,
                501.2711423954533
            ],
            "Xi": 1.0222136193840399,
            "DistortionCoefficients": [
                0.03364013761086061,
                -0.08420780755924384,
                0,
                0,
                0
            ],
            "RenderProperties": {
                "Buffers": [
                    "ColorBayer",
                    "Depth16",
                    "Segmentation"
                ],
                "EnvironmentMappingType": "Cube_6_Face",
                "RenderResolutionPerFace": 2048,
                "NearPlane": 0.001
            }
        },
        {
            "Label": "SceneCaptureM_FISHEYE_R",
            "Position": [
                1.0563000440597534,
                -0.6377999782562256,
                1.4144999980926514
            ],
            "YawPitchRollDeg": [
                93.29699628854586,
                -23.61800014041308,
                -0.19999999845072666
            ],
            "Resolution": [
                1280,
                704
            ],
            "Model": "Mei",
            "PrincipalPoint": [
                643.6406150730598,
                344.8738331121544
            ],
            "FocalLength": [
                576.1085340109695,
                502.9599814445614
            ],
            "Xi": 1.017479743852224,
            "DistortionCoefficients": [
                0.02733074511706634,
                -0.0807192774510606,
                0,
                0,
                0
            ],
            "RenderProperties": {
                "Buffers": [
                    "ColorBayer",
                    "Depth16",
                    "Segmentation"
                ],
                "EnvironmentMappingType": "Cube_6_Face",
                "RenderResolutionPerFace": 2048,
                "NearPlane": 0.001
            }
        }
    ]
}